[{"fields": {"question": "Have you been to the symphony before?"}, "model": "appcode.question", "pk": 1}, {"fields": {"question": "How'd that go?"}, "model": "appcode.question", "pk": 2}, {"fields": {"question": "What are Saturdays for?"}, "model": "appcode.question", "pk": 3}, {"fields": {"question": "How old are they?"}, "model": "appcode.question", "pk": 4}, {"fields": {"question": "Which Beethoven are you most familiar with?"}, "model": "appcode.question", "pk": 5}, {"fields": {"question": "Which of these doesn't belong at the symphony?"}, "model": "appcode.question", "pk": 6}, {"fields": {"question": "If you had to pick a movie to watch tonight, what would it be?"}, "model": "appcode.question", "pk": 7}, {"fields": {"question": "Are you seeking light entertainment, or do you want to feel something?"}, "model": "appcode.question", "pk": 8}, {"fields": {"question": "What do you want to know more about?"}, "model": "appcode.question", "pk": 10}, {"fields": {"question": "Which show are you seeing?"}, "model": "appcode.question", "pk": 11}, {"fields": {"question": "Where are the best seats in the house?"}, "model": "appcode.question", "pk": 12}, {"fields": {"question": "What's your favourite musical insult?"}, "model": "appcode.question", "pk": 13}, {"fields": {"question": "Redirect"}, "model": "appcode.question", "pk": 666}, {"fields": {"answer": "Yeah!", "comment": "", "redirect_url_if_no_new_question": "", "old_question": 1, "new_question": 2}, "model": "appcode.answer", "pk": 1}, {"fields": {"answer": "Not even once", "comment": "But you'll try anything once, right?", "redirect_url_if_no_new_question": "", "old_question": 1, "new_question": 3}, "model": "appcode.answer", "pk": 2}, {"fields": {"answer": "Maybe when I was a kid", "comment": "Kinda like that one time you saw a Shakespeare play.", "redirect_url_if_no_new_question": "", "old_question": 1, "new_question": 3}, "model": "appcode.answer", "pk": 3}, {"fields": {"answer": "Don't know-I fell asleep.", "comment": "Yeah, I've been there.", "redirect_url_if_no_new_question": "", "old_question": 2, "new_question": 3}, "model": "appcode.answer", "pk": 4}, {"fields": {"answer": "Loved it!", "comment": "", "redirect_url_if_no_new_question": "", "old_question": 2, "new_question": 3}, "model": "appcode.answer", "pk": 5}, {"fields": {"answer": "It didn't exactly blow my mind. ", "comment": "Guess what? It's way less boring now!", "redirect_url_if_no_new_question": "", "old_question": 2, "new_question": 3}, "model": "appcode.answer", "pk": 6}, {"fields": {"answer": "Chilling with friends", "comment": "BBQs? Board games? Beers? Whatever it is, I'm in", "redirect_url_if_no_new_question": "", "old_question": 3, "new_question": 5}, "model": "appcode.answer", "pk": 7}, {"fields": {"answer": "Going out and partying hard", "comment": "Woooo!", "redirect_url_if_no_new_question": "", "old_question": 3, "new_question": 5}, "model": "appcode.answer", "pk": 8}, {"fields": {"answer": "Soaking up some culture ", "comment": "", "redirect_url_if_no_new_question": "", "old_question": 3, "new_question": 5}, "model": "appcode.answer", "pk": 9}, {"fields": {"answer": "Binge-watching Netflix", "comment": " They just added the next season of Brooklyn Nine-Nine. How can you not?", "redirect_url_if_no_new_question": "", "old_question": 3, "new_question": 5}, "model": "appcode.answer", "pk": 10}, {"fields": {"answer": "Time with the kids", "comment": "Aww, cute.", "redirect_url_if_no_new_question": "", "old_question": 3, "new_question": 4}, "model": "appcode.answer", "pk": 11}, {"fields": {"answer": "Tiny toddlers", "comment": "", "redirect_url_if_no_new_question": "", "old_question": 4, "new_question": 5}, "model": "appcode.answer", "pk": 12}, {"fields": {"answer": "Elementary school age", "comment": "", "redirect_url_if_no_new_question": "", "old_question": 4, "new_question": 5}, "model": "appcode.answer", "pk": 13}, {"fields": {"answer": "Teens", "comment": "", "redirect_url_if_no_new_question": "", "old_question": 4, "new_question": 5}, "model": "appcode.answer", "pk": 14}, {"fields": {"answer": "We're all grown-ups now", "comment": "", "redirect_url_if_no_new_question": "", "old_question": 4, "new_question": 5}, "model": "appcode.answer", "pk": 15}, {"fields": {"answer": "The brilliant, hot-tempered composer", "comment": "Protip: Come to the Prelude to learn more about how the same composer who threw soup at his waiter wrote music that threw the all the rules out the window. ", "redirect_url_if_no_new_question": "", "old_question": 5, "new_question": 6}, "model": "appcode.answer", "pk": 16}, {"fields": {"answer": "The lovable Saint Bernard who stars in a movie", "comment": "Protip: Come to the Prelude to learn more about how the same composer who threw soup at his waiter wrote music that threw the all the rules out the window. ", "redirect_url_if_no_new_question": "", "old_question": 5, "new_question": 6}, "model": "appcode.answer", "pk": 17}, {"fields": {"answer": "Beers in the theatre", "comment": "Did we fool you? You can do all these things at the symphony! Protip: Pre-order drinks for intermission so that they're ready the moment you are.", "redirect_url_if_no_new_question": "", "old_question": 6, "new_question": 7}, "model": "appcode.answer", "pk": 18}, {"fields": {"answer": "Jeans and T's", "comment": "Did we fool you? You can do all these things at the symphony! Protip: Pre-order drinks for intermission so that they're ready the moment you are.", "redirect_url_if_no_new_question": "", "old_question": 6, "new_question": 7}, "model": "appcode.answer", "pk": 19}, {"fields": {"answer": "Pop music and silent films", "comment": "Did we fool you? You can do all these things at the symphony! Protip: Pre-order drinks for intermission so that they're ready the moment you are.", "redirect_url_if_no_new_question": "", "old_question": 6, "new_question": 7}, "model": "appcode.answer", "pk": 20}, {"fields": {"answer": "Ice cream bars", "comment": "Did we fool you? You can do all these things at the symphony! Protip: Pre-order drinks for intermission so that they're ready the moment you are.", "redirect_url_if_no_new_question": "", "old_question": 6, "new_question": 7}, "model": "appcode.answer", "pk": 21}, {"fields": {"answer": "Sound of Music", "comment": "How do you solve a problem like Maria?", "redirect_url_if_no_new_question": "", "old_question": 7, "new_question": 8}, "model": "appcode.answer", "pk": 22}, {"fields": {"answer": "James Bond 007: Goldfinger", "comment": "Perhaps you'd also like a Martini? Shaken, not stirred. ", "redirect_url_if_no_new_question": "", "old_question": 7, "new_question": 8}, "model": "appcode.answer", "pk": 23}, {"fields": {"answer": "Casablanca", "comment": "Here's looking at you, kid.", "redirect_url_if_no_new_question": "", "old_question": 7, "new_question": 8}, "model": "appcode.answer", "pk": 24}, {"fields": {"answer": "Yellow Submarine", "comment": "I've heard the Octupus's Garden is particularly lovely", "redirect_url_if_no_new_question": "", "old_question": 7, "new_question": 8}, "model": "appcode.answer", "pk": 25}, {"fields": {"answer": "A documentary about Bach", "comment": "Do you really need this survey? Just buy your season tickets already.", "redirect_url_if_no_new_question": "", "old_question": 7, "new_question": 8}, "model": "appcode.answer", "pk": 26}, {"fields": {"answer": "The Lion King", "comment": "Can you feel the love tonight?", "redirect_url_if_no_new_question": "", "old_question": 7, "new_question": 8}, "model": "appcode.answer", "pk": 27}, {"fields": {"answer": "Entertain me", "comment": "", "redirect_url_if_no_new_question": "", "old_question": 8, "new_question": 666}, "model": "appcode.answer", "pk": 28}, {"fields": {"answer": "I want the feelz", "comment": "", "redirect_url_if_no_new_question": "", "old_question": 8, "new_question": 666}, "model": "appcode.answer", "pk": 29}, {"fields": {"answer": "The composer(s) and their stories", "comment": "", "redirect_url_if_no_new_question": "", "old_question": 10, "new_question": 11}, "model": "appcode.answer", "pk": 30}, {"fields": {"answer": "The musicians and their instruments", "comment": "", "redirect_url_if_no_new_question": "", "old_question": 10, "new_question": 666}, "model": "appcode.answer", "pk": 31}, {"fields": {"answer": "The venue", "comment": "", "redirect_url_if_no_new_question": "", "old_question": 10, "new_question": 12}, "model": "appcode.answer", "pk": 32}, {"fields": {"answer": "Parking", "comment": "", "redirect_url_if_no_new_question": "", "old_question": 10, "new_question": 666}, "model": "appcode.answer", "pk": 33}, {"fields": {"answer": "Beethoven Marathon", "comment": "\"I like your opera. I think I will set it to music\"  This is what a Beethoven burn sounds like.", "redirect_url_if_no_new_question": "", "old_question": 11, "new_question": 666}, "model": "appcode.answer", "pk": 34}, {"fields": {"answer": "Sgt. Pepper", "comment": "Fun Fact: The Beatles spent 700 hours recording Sgt. Pepper (In contrast, they spent 10 hours on their first album, Please Please Me)", "redirect_url_if_no_new_question": "", "old_question": 11, "new_question": 666}, "model": "appcode.answer", "pk": 35}, {"fields": {"answer": "Front row", "comment": "There's really not a bad seat in the house", "redirect_url_if_no_new_question": "", "old_question": 12, "new_question": 666}, "model": "appcode.answer", "pk": 36}, {"fields": {"answer": "In the middle half way up", "comment": "There's really not a bad seat in the house", "redirect_url_if_no_new_question": "", "old_question": 12, "new_question": 666}, "model": "appcode.answer", "pk": 37}, {"fields": {"answer": "The top left corner of the mezzanine", "comment": "There's really not a bad seat in the house", "redirect_url_if_no_new_question": "", "old_question": 12, "new_question": 666}, "model": "appcode.answer", "pk": 38}, {"fields": {"answer": "Relaxing after a long week", "comment": "", "redirect_url_if_no_new_question": "", "old_question": 3, "new_question": 5}, "model": "appcode.answer", "pk": 39}, {"fields": {"date": "2015-08-25", "highlights": "", "image": "http://www.kwsymphony.ca/2015_16/subscription/pops-banner.jpg", "description": "Classical popera group Tenore combine their stunning vocal talents with the musical stylings of the KWS for this exquisite concert. Tenore has won prestigious awards and wowed communities with their timeless, beautiful music with hits like You Raise Me Up, Fare Thee Well and Nessun Dorma. Known for powerhouse vocals, inspiring music and audience participation, this concert is sure to delight KWS audiences!", "title": "Tenore"}, "model": "appcode.concert", "pk": 1}, {"fields": {"date": "2015-10-09", "highlights": "", "image": "http://kwsymphony.ca/2015_16/subscription/pops-banner.jpg", "description": "Bond\u2026 James Bond. Experience the drama and mystery of the iconic spy with a tribute to the music of James Bond. Hear music from 007\u2019s most thrilling missions with classic Bond theme songs and essentials from Dr. No, Live and Let Die, For Your Eyes Only and recent Oscar\u00ae winner, Skyfall, featuring the vocals of Broadway stars Capathia Jenkins and Ron Bohmer.", "title": "James Bond: The Music"}, "model": "appcode.concert", "pk": 2}, {"fields": {"date": "2015-12-18", "highlights": "", "image": "http://kwsymphony.ca/2015_16/subscription/pops-banner.jpg", "description": "Yuletide Spectacular is back with an all-new program featuring The Hockey Sweater.\r\nThe classic short story by Canadian author Roch Carrier has been interpreted for orchestra by Canadian composer Abigail Richardson, together with stunning visuals of the original illustrations from the book. The celebration continues with special guests from the community joining the KWS to play your holiday favourites. Together with the everpopular carol sing-along, this is a spectacularly festive concert!", "title": "Yuletide Spectacular"}, "model": "appcode.concert", "pk": 3}, {"fields": {"date": "2015-05-22", "highlights": "", "image": "http://kwsymphony.ca/2015_16/subscription/pops-banner.jpg", "description": "Relive the beloved Beatles\u2019 album Sgt. Pepper\u2019s Lonely Hearts Club Band with Canada\u2019s Art of Time Ensemble and the KWS. Made up of Canadian pop icons, including Craig Northey and Glen Phillips of popular 90s bands Odds and Toad the Wet Sprocket, and Andy Maize of the enduring roots rock band Skydiggers, Art of Time Ensemble re-imagines and re-invents Sgt. Pepper through arrangements from pop, jazz and classical composers, bringing a unique perspective and orchestral arrangements to this classic album.", "title": "Sgt. Pepper's Lonely Hearts Club Band"}, "model": "appcode.concert", "pk": 4}, {"fields": {"date": "2016-02-12", "highlights": "", "image": "http://kwsymphony.ca/2015_16/subscription/pops-banner.jpg", "description": "One of Canada\u2019s most beloved male vocalists and crooner in the style of Sinatra, Matt Dusk, and the angelic songstress and triple East Coast Music Award nominee, Eleanor McCain, join the KWS for a concert of familiar classic and contemporary love songs. Featuring selections from McCain\u2019s new album Runaway, produced by Matt Dusk, the two pair up for the poignant duet To Make You Feel My Love and other symphonic love songs. Join the KWS to celebrate love with lush, elegant music for the eternal romantic. A perfect start to your Valentine\u2019s Day celebration!", "title": "Matt Dusk & Eleanor McCain: The Music of Love"}, "model": "appcode.concert", "pk": 5}, {"fields": {"date": "2015-05-11", "highlights": "", "image": "http://kwsymphony.ca/2015_16/subscription/pops-banner.jpg", "description": "KWS favourite Matt Catingub returns to conduct this energetic concert featuring dance music spanning 70 years from swing to hip hop! From Glenn Miller\u2019s big band classic In the Mood, to the early days of Rock \u2018n Roll with hits like Bill Haley\u2019s Rock Around the Clock and the Beatles\u2019 Twist and Shout, to the disco era and the 80s with Madonna\u2019s Vogue, there is something for all ages. Featuring drummer Steve Moretti and vocalist Anita Hall, this concert is sure to have you dancing in the aisles!", "title": "Dancin' Thru The Decades"}, "model": "appcode.concert", "pk": 6}, {"fields": {"date": "2016-04-15", "highlights": "", "image": "http://kwsymphony.ca/2015_16/subscription/pops-banner.jpg", "description": "The great-grandchildren of Captain and Maria von Trapp, made famous by the beloved 1965 film, The Sound of Music, bring a new generation of voices to the legendary family tradition. Inspired by Austrian and American folk songs, this vocal quartet brings modern flair to classics like Edelweiss and Dream A Little Dream of Me, together with songs from their original new release Dancing in Gold, accompanied by the KWS led by Music Director Edwin Outwater!", "title": "The Von Trapps"}, "model": "appcode.concert", "pk": 7}, {"fields": {"date": "2015-05-13", "highlights": "", "image": "http://kwsymphony.ca/2015_16/subscription/pops-banner.jpg", "description": "Guest Conductor Lucas Waldin returns to the KWS to lead a very special program to celebrate the 70th anniversary season. With a number of guest artists back by popular demand, including the Carousel Dance Company, The Grand Philharmonic Youth Choir and the Waterloo Regional Police Male Chorus, this concert will be curated by you, the audience!\r\n\r\nVisit kwsymphony.ca/KWSByRequest and fill out the survey by June 1, 2015. Your favourite selections could be included in this evening of music from stage, screen and concert hall. Don\u2019t miss what is sure to be a delightfully surprising evening celebrating you \u2014 the KWS audience!", "title": "KWS By Request"}, "model": "appcode.concert", "pk": 8}, {"fields": {"date": "2015-09-25", "highlights": "", "image": "https://kwsymphony.ca/2015_16/subscription/signature-banner.jpg", "description": "The 70th anniversary season begins with an astounding marathon of music as pianist Stewart Goodyear plays all five Beethoven piano concertos with the KWS. This music is a joy to hear, and the immersive multi-night journey into Beethoven\u2019s masterpieces for piano and orchestra will be unforgettable. (Piano Concerto No. 3 appears on the Matin\u00e9e Series, September 26 at 2:30 pm.)", "title": "Beethoven Marathon"}, "model": "appcode.concert", "pk": 9}, {"fields": {"date": "2016-04-22", "highlights": "", "image": "https://kwsymphony.ca/2015_16/subscription/intersections-banner.jpg", "description": "Join the KWS and special guests to explore a world of symmetry, pattern, and the intimate relationship between mathematics and music, with a focus on the beauty and elegance of geometry and its most passionate apostle, the late Donald Coxeter. Regarded as the greatest geometer of the 20th Century and one of Canada\u2019s mathematical heroes, Coxeter\u2019s influence is far-reaching. In the tradition of \u201cBeethoven and Your Brain,\u201d and \u201cQuantum: Music on the Frontier of Science,\u201d this concert is the latest music/science collaboration in the Intersections Series.", "title": "The Geometry of Music: Harold Scott MacDonald Coxeter "}, "model": "appcode.concert", "pk": 10}, {"fields": {"date": "2015-11-11", "highlights": "", "image": "https://kwsymphony.ca/2015_16/subscription/baroque.jpg", "description": "Friedrich II of Prussia (1712-86) was not only King, but also a flute player and composer. The musical establishment of his court, particularly at his summer home at Sanssouci Palace, featured prominent composers C.P.E Bach, Quantz and Benda, and was for a time a centre of German musical life. This concert, curated by KWS bassist Bruce McGillivray, brings together works by composers of this \u201cmusical household,\u201d and features the talents of KWS musicians Thomas Kay, John Helmers and concertmaster B\u00e9n\u00e9dicte Lauzi\u00e8re.", "title": "Music at Sanssouci"}, "model": "appcode.concert", "pk": 11}, {"fields": {"date": "2016-04-09", "highlights": "", "image": "https://kwsymphony.ca/2015_16/subscription/kinder-banner.jpg", "description": "The harp, trombone and oboe introduce you to three talented bears that sing, dance and cook the perfect porridge for Goldilocks in this delightful version of the classic fairy tale.", "title": "Goldilocks and The Three Musical Bears"}, "model": "appcode.concert", "pk": 12}, {"fields": {"date": "2015-11-28", "highlights": "", "image": "https://kwsymphony.ca/2015_16/subscription/yop-banner.jpg", "description": "The KWS Youth Orchestra is featured playing side-by-side with the KWS on the following concerts: Yuletide\r\nSpectacular (Pops Series) and KWS Concerto Celebration (Signature Series).", "title": "Youth Orchestra Program"}, "model": "appcode.concert", "pk": 13}, {"fields": {"date": "2016-01-15", "highlights": "", "image": "https://kwsymphony.ca/2015_16/subscription/signature-banner.jpg", "description": "Opera returns to Kitchener-Waterloo! In this concert version of Johann Strauss, Jr.\u2019s beloved opera, Die Fledermaus, the KWS joins forces with Wilfrid Laurier University music faculty, host Daniel Isengart and surprise guests to present an evening of glorious melody, great laughs and unforgettable performances. We are thrilled to present opera at the Centre In The Square as part of the 70th anniversary celebrations.", "title": "Die Fledermaus: Comic Opera in Concert"}, "model": "appcode.concert", "pk": 14}]